Rg,Spieler,Land,Pos,Verein,Alt,Geboren,90,SCA,SCA-90,AktivPass,ToterPass,Dribb.,Sc,Gef,Vert.,GCA,GCA-90,AktivPass,ToterPass,Dribb.,Sc,Gef,Vert.,ET,Spiele
1,Issah Abbas\Issah-Abbas,gh GHA,DFFW,Mainz 05,22-143,1998,0.2,0,000,0,0,0,0,0,0,0,000,0,0,0,0,0,0,0,Spiele
2,David Abraham\David-Abraham,ar ARG,DF,Eint Frankfurt,34-216,1986,13.6,2,015,2,0,0,0,0,0,0,000,0,0,0,0,0,0,0,Spiele
3,Amir Abrashi\Amir-Abrashi,al ALB,MF,Freiburg,30-326,1990,0.7,0,000,0,0,0,0,0,0,0,000,0,0,0,0,0,0,0,Spiele
4,Ragnar Ache\Ragnar-Ache,de GER,FW,Eint Frankfurt,22-203,1998,0.4,0,000,0,0,0,0,0,0,0,000,0,0,0,0,0,0,0,Spiele
5,Tyler Adams\Tyler-Adams,us USA,MFDF,RB Leipzig,22-002,1999,12.7,14,110,12,0,0,0,2,0,0,000,0,0,0,0,0,0,0,Spiele
6,Sargis Adamyan\Sargis-Adamyan,am ARM,FWMF,Hoffenheim,27-269,1993,1.7,7,409,5,0,0,1,1,0,2,117,1,0,0,1,0,0,0,Spiele
7,Felix Agu\Felix-Agu,de GER,DFFW,Werder Bremen,21-142,1999,4.1,3,074,2,0,0,0,1,0,1,025,1,0,0,0,0,0,0,Spiele
8,Naouirou Ahamada\Naouirou-Ahamada,fr FRA,MF,Stuttgart,18-324,2002,0.5,1,200,1,0,0,0,0,0,0,000,0,0,0,0,0,0,0,Spiele
9,Manuel Akanji\Manuel-Akanji,ch SUI,DF,Dortmund,25-212,1995,18.4,12,065,8,1,0,1,1,1,0,000,0,0,0,0,0,0,0,Spiele
10,Kevin Akpoguma\Kevin-Akpoguma,ng NGA,DF,Hoffenheim,25-303,1995,10.5,5,048,4,1,0,0,0,0,1,010,1,0,0,0,0,0,0,Spiele
11,David Alaba\David-Alaba,at AUT,DF,Bayern Munich,28-237,1992,19.1,22,121,19,1,0,2,0,0,2,011,1,1,0,0,0,0,0,Spiele
12,Lucas Alario\Lucas-Alario,ar ARG,FW,Leverkusen,28-131,1992,9.9,17,172,13,0,1,1,2,0,1,010,0,0,0,1,0,0,0,Spiele
13,Omar Alderete\Omar-Alderete,py PAR,DF,Hertha BSC,24-052,1996,11.3,5,044,5,0,0,0,0,0,0,000,0,0,0,0,0,0,0,Spiele
14,Nadiem Amiri\Nadiem-Amiri,de GER,MF,Leverkusen,24-112,1996,14.3,52,363,34,10,4,4,0,0,11,077,7,1,2,1,0,0,0,Spiele
15,Sebastian Andersson\Sebastian-Andersson,se SWE,FW,Köln,29-216,1991,8.2,9,110,5,0,0,3,1,0,2,024,0,0,0,1,1,0,0,Spiele
16,Robert Andrich\Robert-Andrich,de GER,MF,Union Berlin,26-147,1994,17.1,41,240,30,3,4,1,2,1,6,035,5,0,0,0,1,0,0,Spiele
17,Angeliño\Angelino,es ESP,DFFW,RB Leipzig,24-043,1997,19.9,76,383,52,13,6,3,2,0,6,030,4,1,1,0,0,0,0,Spiele
18,Waldemar Anton\Waldemar-Anton,de GER,DF,Stuttgart,24-211,1996,17.1,20,117,16,1,0,1,1,1,3,018,2,0,0,0,1,0,0,Spiele
19,Charles Aránguiz\Charles-Aranguiz,cl CHI,MF,Leverkusen,31-305,1989,8.3,14,170,13,0,0,0,0,1,1,012,1,0,0,0,0,0,0,Spiele
20,Santiago Arias\Santiago-Arias,co COL,DF,Leverkusen,29-034,1992,1.0,1,100,0,0,0,0,0,1,0,000,0,0,0,0,0,0,0,Spiele
21,Maximilian Arnold\Maximilian-Arnold,de GER,MF,Wolfsburg,26-265,1994,17.1,48,280,20,19,1,2,6,0,7,041,1,3,1,0,2,0,0,Spiele
22,Toluwalas Arokodare\Toluwalas-Arokodare,ng NGA,FW,Köln,20-085,2000,1.1,1,093,1,0,0,0,0,0,0,000,0,0,0,0,0,0,0,Spiele
23,Santiago Ascacíbar\Santiago-Ascacibar,ar ARG,MF,Hertha BSC,23-357,1997,2.5,0,000,0,0,0,0,0,0,0,000,0,0,0,0,0,0,0,Spiele
24,Ludwig Augustinsson\Ludwig-Augustinsson,se SWE,DF,Werder Bremen,26-301,1994,13.3,39,294,19,17,0,2,1,0,5,038,1,4,0,0,0,0,0,Spiele
25,Taiwo Awoniyi\Taiwo-Awoniyi,ng NGA,FW,Union Berlin,23-188,1997,14.3,32,223,23,0,3,2,3,1,6,042,3,0,1,0,2,0,0,Spiele
26,Leon Bailey\Leon-Bailey,jm JAM,FW,Leverkusen,23-191,1997,17.0,72,424,43,9,8,5,6,1,11,065,5,4,0,1,0,1,0,Spiele
27,Ridle Baku\Ridle-Baku,de GER,DF,Mainz 05,22-314,1998,2.0,1,050,1,0,0,0,0,0,0,000,0,0,0,0,0,0,0,Spiele
28,Ridle Baku\Ridle-Baku,de GER,DFFW,Wolfsburg,22-314,1998,17.4,43,247,36,1,2,2,2,0,8,046,7,0,1,0,0,0,0,Spiele
29,Aymen Barkok\Aymen-Barkok,ma MAR,FWMF,Eint Frankfurt,22-271,1998,7.8,34,438,23,7,2,0,1,1,5,064,3,1,1,0,0,0,0,Spiele
30,Leandro Barreiro Martins\Leandro-Barreiro-Martins,lu LUX,MF,Mainz 05,21-044,2000,13.6,18,132,14,1,1,0,2,0,1,007,1,0,0,0,0,0,0,Spiele
31,Jacob Barrett Laursen\Jacob-Barrett-Laursen,dk DEN,DF,Arminia,26-091,1994,8.3,6,083,6,0,0,0,0,0,1,014,1,0,0,0,0,0,0,Spiele
32,Oliver Baumann\Oliver-Baumann,de GER,TW,Hoffenheim,30-259,1990,20.0,2,010,1,1,0,0,0,0,0,000,0,0,0,0,0,0,0,Spiele
33,Julian Baumgartlinger\Julian-Baumgartlinger,at AUT,MF,Leverkusen,33-045,1988,11.9,23,193,18,0,0,1,4,0,2,017,1,0,0,1,0,0,0,Spiele
34,Christoph Baumgartner\Christoph-Baumgartner,at AUT,MFFW,Hoffenheim,21-199,1999,16.9,50,297,31,1,2,4,9,3,10,059,6,0,1,0,3,0,0,Spiele
35,Noah Joel Sarenren Bazee\Noah-Joel-Sarenren-Bazee,ng NGA,FWMF,Augsburg,24-179,1996,0.4,1,265,1,0,0,0,0,0,1,265,1,0,0,0,0,0,0,Spiele
36,Ihlas Bebou\Ihlas-Bebou,tg TOG,FW,Hoffenheim,26-299,1994,12.3,40,324,30,0,6,2,2,0,9,073,4,0,2,2,1,0,0,Spiele
37,Sheraldo Becker\Sheraldo-Becker,nl NED,FWMF,Union Berlin,26-007,1995,11.9,33,277,25,0,2,3,3,0,7,059,6,0,0,0,1,0,0,Spiele
38,Timo Becker\Timo-Becker,de GER,DF,Schalke 04,23-328,1997,6.5,7,108,4,1,0,0,2,0,3,046,2,1,0,0,0,0,0,Spiele
39,Brian Behrendt\Brian-Behrendt,de GER,DF,Arminia,29-115,1991,0.9,2,228,0,1,1,0,0,0,0,000,0,0,0,0,0,0,0,Spiele
40,Maximilian Beier\Maximilian-Beier,de GER,FWDF,Hoffenheim,18-122,2002,0.0,0,000,0,0,0,0,0,0,0,000,0,0,0,0,0,0,0,Spiele
41,Ishak Belfodil\Ishak-Belfodil,dz ALG,FW,Hoffenheim,29-035,1992,6.4,17,264,12,0,0,2,3,0,1,016,1,0,0,0,0,0,0,Spiele
42,Stefan Bell\Stefan-Bell,de GER,DF,Mainz 05,29-176,1991,5.6,2,036,1,0,0,0,0,1,1,018,1,0,0,0,0,0,0,Spiele
43,Karim Bellarabi\Karim-Bellarabi,de GER,MFFW,Leverkusen,30-314,1990,4.8,10,209,6,0,2,2,0,0,1,021,0,0,0,1,0,0,0,Spiele
44,Jude Bellingham\Jude-Bellingham,eng ENG,MF,Dortmund,17-232,2003,9.7,26,268,22,0,0,0,3,1,6,062,6,0,0,0,0,0,0,Spiele
45,Lars Bender\Lars-Bender,de GER,DF,Leverkusen,31-295,1989,10.4,17,164,16,0,1,0,0,0,3,029,3,0,0,0,0,0,0,Spiele
46,Sven Bender\Sven-Bender,de GER,DF,Leverkusen,31-295,1989,7.2,9,124,8,0,0,1,0,0,2,028,2,0,0,0,0,0,0,Spiele
47,László Bénes\Laszlo-Benes,sk SVK,MF,M'Gladbach,23-160,1997,1.7,6,360,1,4,0,0,1,0,2,120,0,1,0,0,1,0,0,Spiele
48,László Bénes\Laszlo-Benes,sk SVK,MFFW,Augsburg,23-160,1997,1.4,3,213,2,1,0,0,0,0,0,000,0,0,0,0,0,0,0,Spiele
49,Ramy Bensebaini\Ramy-Bensebaini,dz ALG,DF,M'Gladbach,25-306,1995,10.6,7,066,6,0,0,1,0,0,1,009,0,0,0,1,0,0,0,Spiele
50,Nabil Bentaleb\Nabil-Bentaleb,dz ALG,MF,Schalke 04,26-084,1994,5.7,4,070,4,0,0,0,0,0,0,000,0,0,0,0,0,0,0,Spiele
51,Bartosz Bialek\Bartosz-Bialek,pl POL,FWMF,Wolfsburg,19-097,2001,2.0,8,409,8,0,0,0,0,0,2,102,2,0,0,0,0,0,0,Spiele
52,Ermin Bi?ak?i?\Ermin-Bicakcic,ba BIH,DF,Hoffenheim,31-023,1990,1.4,0,000,0,0,0,0,0,0,0,000,0,0,0,0,0,0,0,Spiele
53,Leonardo Bittencourt\Leonardo-Bittencourt,de GER,FWMF,Werder Bremen,27-059,1993,11.6,30,259,16,6,3,1,2,2,4,035,1,1,0,0,1,1,0,Spiele
54,Jérôme Boateng\Jerome-Boateng,de GER,DF,Bayern Munich,32-166,1988,15.7,8,051,8,0,0,0,0,0,2,013,2,0,0,0,0,0,0,Spiele
55,Jean-Paul Boëtius\Jean-Paul-Boetius,nl NED,MFFW,Mainz 05,26-331,1994,14.3,40,280,30,0,3,2,4,1,5,035,4,0,0,1,0,0,0,Spiele
56,Melayro Bogarde\Melayro-Bogarde,nl NED,DFMF,Hoffenheim,18-264,2002,3.0,7,237,5,0,0,0,2,0,0,000,0,0,0,0,0,0,0,Spiele
57,Dennis Borkowski\Dennis-Borkowski,de GER,MF,RB Leipzig,19-021,2002,0.1,1,818,1,0,0,0,0,0,0,000,0,0,0,0,0,0,0,Spiele
58,Sebastiaan Bornauw\Sebastiaan-Bornauw,be BEL,DF,Köln,21-331,1999,17.0,2,012,2,0,0,0,0,0,1,006,1,0,0,0,0,0,0,Spiele
59,Nassim Boujellab\Nassim-Boujellab,ma MAR,MFFW,Schalke 04,21-241,1999,6.2,12,193,7,0,0,2,3,0,0,000,0,0,0,0,0,0,0,Spiele
60,Dedryck Boyata\Dedryck-Boyata,be BEL,DF,Hertha BSC,30-080,1990,12.8,8,062,7,0,0,1,0,0,0,000,0,0,0,0,0,0,0,Spiele
61,Can Bozdogan\Can-Bozdogan,de GER,MF,Schalke 04,19-317,2001,4.5,5,111,5,0,0,0,0,0,1,022,1,0,0,0,0,0,0,Spiele
62,Julian Brandt\Julian-Brandt,de GER,FWMF,Dortmund,24-290,1996,11.6,50,433,42,2,2,2,2,0,2,017,2,0,0,0,0,0,0,Spiele
63,Josip Brekalo\Josip-Brekalo,hr CRO,FW,Wolfsburg,22-238,1998,13.4,51,380,36,8,4,2,1,0,7,052,4,0,1,1,1,0,0,Spiele
64,Joshua Brenet\Joshua-Brenet,nl NED,DF,Hoffenheim,26-333,1994,0.0,0,000,0,0,0,0,0,0,0,000,0,0,0,0,0,0,0,Spiele
65,John Brooks\John-Brooks,us USA,DF,Wolfsburg,28-019,1993,19.2,14,073,12,0,1,0,0,1,1,005,1,0,0,0,0,0,0,Spiele
66,Daniel Brosinski\Daniel-Brosinski,de GER,DF,Mainz 05,32-214,1988,11.2,21,187,14,7,0,0,0,0,3,027,1,2,0,0,0,0,0,Spiele
67,Cédric Brunner\Cedric-Brunner,ch SUI,DF,Arminia,26-365,1994,17.1,10,062,8,2,0,0,0,0,1,006,1,0,0,0,0,0,0,Spiele
68,Jacob Bruun Larsen\Jacob-Bruun-Larsen,dk DEN,FW,Hoffenheim,22-150,1998,1.0,2,202,2,0,0,0,0,0,0,000,0,0,0,0,0,0,0,Spiele
69,Marius Bülter\Marius-Bulter,de GER,FWMF,Union Berlin,27-324,1993,6.7,17,255,13,0,2,0,1,1,2,030,2,0,0,0,0,0,0,Spiele
70,Jonathan Burkardt\Jonathan-Burkardt,de GER,FWDF,Mainz 05,20-220,2000,9.6,17,177,13,0,0,1,3,0,3,031,2,0,0,0,1,0,0,Spiele
71,Roman Bürki\Roman-Burki,ch SUI,TW,Dortmund,30-094,1990,16.0,1,006,1,0,0,0,0,0,1,006,1,0,0,0,0,0,0,Spiele
72,Daniel Caligiuri\Daniel-Caligiuri,it ITA,MFDF,Augsburg,33-032,1988,20.3,51,251,27,15,6,0,2,1,6,030,5,1,0,0,0,0,0,Spiele
73,Emre Can\Emre-Can,de GER,DFMF,Dortmund,27-035,1994,13.2,28,212,23,0,3,0,0,2,3,023,3,0,0,0,0,0,0,Spiele
74,Koen Casteels\Koen-Casteels,be BEL,TW,Wolfsburg,28-236,1992,20.0,2,010,2,0,0,0,0,0,0,000,0,0,0,0,0,0,0,Spiele
75,Gonzalo Castro\Gonzalo-Castro,de GER,MFFW,Stuttgart,33-250,1987,12.8,58,452,31,19,3,3,0,2,2,016,1,0,1,0,0,0,0,Spiele
76,Sava Cestic\Sava-Cestic,de GER,DF,Köln,19-363,2001,8.3,2,024,2,0,0,0,0,0,0,000,0,0,0,0,0,0,0,Spiele
77,Timothy Chandler\Timothy-Chandler,us USA,DF,Eint Frankfurt,30-324,1990,0.7,0,000,0,0,0,0,0,0,0,000,0,0,0,0,0,0,0,Spiele
78,Kwon Chang-hoon\Kwon-Chang-hoon,kr KOR,MFFW,Freiburg,26-231,1994,2.0,3,149,3,0,0,0,0,0,1,050,1,0,0,0,0,0,0,Spiele
79,Tahith Chong\Tahith-Chong,nl NED,FWMF,Werder Bremen,21-074,1999,4.3,13,303,10,0,1,0,1,1,1,023,1,0,0,0,0,0,0,Spiele
80,Darko Churlinov\Darko-Churlinov,mk MKD,DFFW,Stuttgart,20-220,2000,0.7,1,150,1,0,0,0,0,0,0,000,0,0,0,0,0,0,0,Spiele
81,Tim Civeja\Tim-Civeja,de GER,MFDF,Augsburg,19-043,2002,0.4,1,265,1,0,0,0,0,0,0,000,0,0,0,0,0,0,0,Spiele
82,Kingsley Coman\Kingsley-Coman,fr FRA,FWMF,Bayern Munich,24-248,1996,12.4,49,429,40,0,6,2,1,0,12,105,10,0,2,0,0,0,0,Spiele
83,Jhon Córdoba\Jhon-Cordoba,co COL,FW,Hertha BSC,27-281,1993,10.0,33,331,22,0,3,2,5,1,3,030,1,0,0,0,2,0,0,Spiele
84,Sergio Córdova\Sergio-Cordova,ve VEN,FWMF,Arminia,23-191,1997,10.2,25,254,18,0,3,1,2,1,2,020,2,0,0,0,0,0,0,Spiele
85,Danny da Costa\Danny-da-Costa,de GER,DF,Eint Frankfurt,27-218,1993,1.2,3,245,2,0,1,0,0,0,0,000,0,0,0,0,0,0,0,Spiele
86,Danny da Costa\Danny-da-Costa,de GER,DF,Mainz 05,27-218,1993,4.0,11,275,8,0,2,0,0,1,2,050,1,0,1,0,0,0,0,Spiele
87,Douglas Costa\Douglas-Costa,br BRA,FWMF,Bayern Munich,30-155,1990,3.6,17,478,8,7,2,0,0,0,2,056,1,0,1,0,0,0,0,Spiele
88,Tanguy Coulibaly\Tanguy-Coulibaly,fr FRA,DFFW,Stuttgart,19-364,2001,9.6,30,312,19,0,6,2,3,0,1,010,1,0,0,0,0,0,0,Spiele
89,Mickaël Cuisance\Mickael-Cuisance,fr FRA,FW,Bayern Munich,21-184,1999,0.2,0,000,0,0,0,0,0,0,0,000,0,0,0,0,0,0,0,Spiele
90,Matheus Cunha\Matheus-Cunha,br BRA,FWMF,Hertha BSC,21-265,1999,17.7,74,418,32,17,9,5,6,5,7,039,4,1,0,2,0,0,0,Spiele
91,Rafael Czichos\Rafael-Czichos,de GER,DF,Köln,30-278,1990,13.7,7,051,6,0,1,0,0,0,0,000,0,0,0,0,0,0,0,Spiele
92,Moanes Dabour\Moanes-Dabour,il ISR,FW,Hoffenheim,28-278,1992,9.5,20,211,15,0,2,1,2,0,2,021,2,0,0,0,0,0,0,Spiele
93,Finn Dahmen\Finn-Dahmen,de GER,TW,Mainz 05,22-326,1998,1.0,1,100,1,0,0,0,0,0,0,000,0,0,0,0,0,0,0,Spiele
94,Mahmoud Dahoud\Mahmoud-Dahoud,de GER,MF,Dortmund,25-046,1996,3.6,6,165,4,0,0,1,0,1,0,000,0,0,0,0,0,0,0,Spiele
95,Leon Dajaku\Leon-Dajaku,de GER,FW,Union Berlin,19-310,2001,0.4,0,000,0,0,0,0,0,0,0,000,0,0,0,0,0,0,0,Spiele
96,Márton Dárdai\Marton-Dardai,de GER,DF,Hertha BSC,19-004,2002,0.2,0,000,0,0,0,0,0,0,0,000,0,0,0,0,0,0,0,Spiele
97,Vladimír Darida\Vladimir-Darida,cz CZE,MF,Hertha BSC,30-192,1990,15.5,52,335,36,9,3,0,4,0,8,052,8,0,0,0,0,0,0,Spiele
98,Alphonso Davies\Alphonso-Davies,ca CAN,DF,Bayern Munich,20-106,2000,9.8,21,240,18,0,1,0,2,0,2,023,1,0,0,0,1,0,0,Spiele
99,Thomas Delaney\Thomas-Delaney,dk DEN,MF,Dortmund,29-166,1991,8.9,13,146,9,0,0,1,1,2,0,000,0,0,0,0,0,0,0,Spiele
100,Kerem Demirbay\Kerem-Demirbay,de GER,MF,Leverkusen,27-228,1993,10.5,41,390,18,15,3,4,1,0,3,029,0,2,0,1,0,0,0,Spiele
101,Ermedin Demirovi?\Ermedin-Demirovic,ba BIH,FW,Freiburg,22-328,1998,8.9,19,215,13,0,1,1,3,1,6,068,4,0,1,1,0,0,0,Spiele
102,Emmanuel Dennis\Emmanuel-Dennis,ng NGA,FW,Köln,23-093,1997,2.3,4,172,4,0,0,0,0,0,0,000,0,0,0,0,0,0,0,Spiele
103,Mike van der Hoorn\Mike-van-der-Hoorn,nl NED,DF,Arminia,28-124,1992,13.9,5,036,4,1,0,0,0,0,0,000,0,0,0,0,0,0,0,Spiele
104,Moussa Diaby\Moussa-Diaby,fr FRA,FWMF,Leverkusen,21-224,1999,19.6,56,285,42,0,10,2,1,1,10,051,7,0,2,1,0,0,0,Spiele
105,Daniel Didavi\Daniel-Didavi,de GER,FWMF,Stuttgart,30-361,1990,7.9,29,366,24,3,0,1,1,0,5,063,3,1,0,1,0,0,0,Spiele
106,Javairô Dilrosun\Javairo-Dilrosun,nl NED,FW,Hertha BSC,22-239,1998,3.0,9,297,4,2,2,0,0,1,3,099,2,0,0,0,0,1,0,Spiele
107,Eren Dinkçi\Eren-Dinkci,de GER,FW,Werder Bremen,19-065,2001,0.1,0,000,0,0,0,0,0,0,0,000,0,0,0,0,0,0,0,Spiele
108,Ritsu Doan\Ritsu-Doan,jp JPN,MFFW,Arminia,22-245,1998,18.4,48,267,21,13,11,1,1,1,4,022,3,0,1,0,0,0,0,Spiele
109,Ji Dong-won\Ji-Dong-won,kr KOR,FW,Mainz 05,29-264,1991,0.7,2,290,2,0,0,0,0,0,0,000,0,0,0,0,0,0,0,Spiele
110,Bas Dost\Bas-Dost,nl NED,FW,Eint Frankfurt,31-261,1989,9.1,18,198,17,0,0,1,0,0,3,033,3,0,0,0,0,0,0,Spiele
111,Aleksandar Dragovi?\Aleksandar-Dragovic,at AUT,DF,Leverkusen,29-347,1991,8.1,12,148,8,2,0,1,0,1,0,000,0,0,0,0,0,0,0,Spiele
112,Dominick Drexler\Dominick-Drexler,de GER,MFFW,Köln,30-266,1990,8.6,14,163,12,0,0,1,1,0,1,012,0,0,0,1,0,0,0,Spiele
113,Ondrej Duda\Ondrej-Duda,sk SVK,FWMF,Köln,26-073,1994,17.2,47,273,20,19,4,3,1,0,4,023,2,2,0,0,0,0,0,Spiele
114,Erik Durm\Erik-Durm,de GER,DF,Eint Frankfurt,28-280,1992,10.9,20,184,13,0,1,6,0,0,3,028,0,0,0,3,0,0,0,Spiele
115,Johannes Eggestein\Johannes-Eggestein,de GER,FWMF,Werder Bremen,22-284,1998,0.4,1,273,1,0,0,0,0,0,0,000,0,0,0,0,0,0,0,Spiele
116,Maximilian Eggestein\Maximilian-Eggestein,de GER,MF,Werder Bremen,24-070,1996,20.0,34,170,29,1,0,1,1,2,6,030,6,0,0,0,0,0,0,Spiele
117,Lilian Egloff\Lilian-Egloff,de GER,MF,Stuttgart,18-180,2002,0.2,0,000,0,0,0,0,0,0,0,000,0,0,0,0,0,0,0,Spiele
118,Kingsley Ehizibue\Kingsley-Ehizibue,nl NED,DF,Köln,25-267,1995,6.8,12,175,9,1,2,0,0,0,2,029,1,0,1,0,0,0,0,Spiele
119,Nico Elvedi\Nico-Elvedi,ch SUI,DF,M'Gladbach,24-139,1996,17.5,7,040,6,0,0,1,0,0,2,011,2,0,0,0,0,0,0,Spiele
120,Breel Embolo\Breel-Embolo,ch SUI,FWMF,M'Gladbach,24-002,1997,11.5,31,269,19,0,2,8,2,0,6,052,2,0,0,2,2,0,0,Spiele
121,Keita Endo\Keita-Endo,jp JPN,MFFW,Union Berlin,23-086,1997,1.3,3,237,3,0,0,0,0,0,0,000,0,0,0,0,0,0,0,Spiele
122,Wataru Endo\Wataru-Endo,jp JPN,MF,Stuttgart,28-007,1993,21.0,46,219,36,0,1,1,4,4,4,019,3,0,0,0,1,0,0,Spiele
123,Patrick Erras\Patrick-Erras,de GER,FWMF,Werder Bremen,26-026,1995,0.2,0,000,0,0,0,0,0,0,0,000,0,0,0,0,0,0,0,Spiele
124,Ralf Fährmann\Ralf-Fahrmann,de GER,TW,Schalke 04,32-142,1988,13.5,4,030,4,0,0,0,0,0,0,000,0,0,0,0,0,0,0,Spiele
125,Ohis Felix Uduokhai\Ohis-Felix-Uduokhai,de GER,DF,Augsburg,23-160,1997,20.0,8,040,6,0,0,0,1,1,1,005,1,0,0,0,0,0,0,Spiele
126,Edimilson Fernandes\Edimilson-Fernandes,ch SUI,MFDF,Mainz 05,24-307,1996,8.6,12,139,9,3,0,0,0,0,0,000,0,0,0,0,0,0,0,Spiele
127,Alfreð Finnbogason\Alfred-Finnbogason,is ISL,FW,Augsburg,32-015,1989,4.6,16,346,12,0,2,2,0,0,1,022,1,0,0,0,0,0,0,Spiele
128,Emil Forsberg\Emil-Forsberg,se SWE,FWMF,RB Leipzig,29-116,1991,10.4,39,373,25,6,5,1,1,1,6,057,4,0,1,0,0,1,0,Spiele
129,Philipp Förster\Philipp-Forster,de GER,MFFW,Stuttgart,26-012,1995,6.7,20,300,14,3,2,0,1,0,3,045,3,0,0,0,0,0,0,Spiele
130,Timothy Fosu-Mensah\Timothy-Fosu-Mensah,nl NED,DF,Leverkusen,23-045,1998,3.1,4,130,4,0,0,0,0,0,0,000,0,0,0,0,0,0,0,Spiele
131,Raphael Framberger\Raphael-Framberger,de GER,DF,Augsburg,25-163,1995,9.1,12,132,9,1,1,0,0,1,1,011,1,0,0,0,0,0,0,Spiele
132,Marco Friedl\Marco-Friedl,at AUT,DF,Werder Bremen,22-337,1998,20.0,17,085,12,2,1,0,1,1,2,010,1,1,0,0,0,0,0,Spiele
133,Marvin Friedrich\Marvin-Friedrich,de GER,DF,Union Berlin,25-065,1995,21.0,10,048,9,0,1,0,0,0,2,010,2,0,0,0,0,0,0,Spiele
134,Jeremie Frimpong\Jeremie-Frimpong,nl NED,FW,Leverkusen,20-068,2000,0.2,1,529,1,0,0,0,0,0,0,000,0,0,0,0,0,0,0,Spiele
135,Niclas Füllkrug\Niclas-Fullkrug,de GER,FW,Werder Bremen,28-007,1993,3.4,7,206,4,0,0,1,2,0,1,029,0,0,0,0,1,0,0,Spiele
136,Mijat Ga?inovi?\Mijat-Gacinovic,rs SRB,DFMF,Hoffenheim,26-008,1995,7.9,21,266,15,4,1,1,0,0,3,038,1,1,0,1,0,0,0,Spiele
137,Christian Gebauer\Christian-Gebauer,at AUT,MFFW,Arminia,27-058,1993,4.5,6,150,4,0,0,2,0,0,0,000,0,0,0,0,0,0,0,Spiele
138,Theodor Gebre Selassie\Theodor-Gebre-Selassie,cz CZE,DF,Werder Bremen,34-054,1986,20.0,22,110,18,2,0,1,1,0,3,015,2,1,0,0,0,0,0,Spiele
139,Dennis Geiger\Dennis-Geiger,de GER,MF,Hoffenheim,22-251,1998,7.3,24,328,15,8,0,1,0,0,1,014,0,1,0,0,0,0,0,Spiele
140,Christian Gentner\Christian-Gentner,de GER,MF,Union Berlin,35-186,1985,5.5,12,218,11,0,0,0,1,0,0,000,0,0,0,0,0,0,0,Spiele
141,Yannick Gerhardt\Yannick-Gerhardt,de GER,MF,Wolfsburg,26-340,1994,11.1,25,226,18,2,1,2,2,0,5,045,3,0,0,1,1,0,0,Spiele
142,Hamadi Al Ghaddioui\Hamadi-Al-Ghaddioui,ma MAR,MFFW,Stuttgart,30-147,1990,0.2,2,857,2,0,0,0,0,0,0,000,0,0,0,0,0,0,0,Spiele
143,Niko Gießelmann\Niko-Giesselmann,de GER,DF,Union Berlin,29-143,1991,4.4,6,138,4,1,0,0,1,0,0,000,0,0,0,0,0,0,0,Spiele
144,Rafa? Gikiewicz\Rafal-Gikiewicz,pl POL,TW,Augsburg,33-113,1987,21.0,1,005,0,1,0,0,0,0,1,005,0,1,0,0,0,0,0,Spiele
145,Daniel Ginczek\Daniel-Ginczek,de GER,FWMF,Wolfsburg,29-309,1991,1.6,2,124,2,0,0,0,0,0,0,000,0,0,0,0,0,0,0,Spiele
146,Matthias Ginter\Matthias-Ginter,de GER,DF,M'Gladbach,27-028,1994,21.0,19,090,18,0,1,0,0,0,3,014,3,0,0,0,0,0,0,Spiele
147,Robert Glatzel\Robert-Glatzel,de GER,FW,Mainz 05,27-039,1994,0.3,2,750,2,0,0,0,0,0,1,375,1,0,0,0,0,0,0,Spiele
148,Serge Gnabry\Serge-Gnabry,de GER,FWMF,Bayern Munich,25-217,1995,13.7,54,394,42,6,3,2,1,0,8,058,6,1,0,0,1,0,0,Spiele
149,Akaki Gogia\Akaki-Gogia,de GER,FW,Union Berlin,29-029,1992,1.6,5,321,4,0,0,0,1,0,3,193,2,0,0,0,1,0,0,Spiele
150,Nicolás González\Nicolas-Gonzalez,ar ARG,FWDF,Stuttgart,22-316,1998,9.9,27,273,18,0,3,3,3,0,7,071,3,0,2,1,1,0,0,Spiele
151,Leon Goretzka\Leon-Goretzka,de GER,MF,Bayern Munich,26-010,1995,12.7,27,212,21,0,1,3,1,1,9,071,7,0,1,1,0,0,0,Spiele
152,Jeffrey Gouweleeuw\Jeffrey-Gouweleeuw,nl NED,DF,Augsburg,29-221,1991,20.0,12,060,9,2,0,0,0,1,1,005,1,0,0,0,0,0,0,Spiele
153,Demarai Gray\Demarai-Gray,eng ENG,MFFW,Leverkusen,24-233,1996,0.4,2,500,1,0,0,1,0,0,1,250,1,0,0,0,0,0,0,Spiele
154,Michael Gregoritsch\Michael-Gregoritsch,at AUT,FWMF,Augsburg,26-304,1994,8.4,14,167,9,1,2,0,2,0,4,048,3,0,0,0,1,0,0,Spiele
155,Sebastian Griesbeck\Sebastian-Griesbeck,de GER,MF,Union Berlin,30-136,1990,8.3,6,072,3,0,1,0,2,0,1,012,0,0,0,0,1,0,0,Spiele
156,Vincenzo Grifo\Vincenzo-Grifo,it ITA,MFFW,Freiburg,27-315,1993,17.6,86,487,51,25,4,4,1,1,11,062,7,3,0,1,0,0,0,Spiele
157,Florian Grillitsch\Florian-Grillitsch,at AUT,MFDF,Hoffenheim,25-193,1995,8.3,19,230,15,0,1,1,1,1,4,048,2,0,1,0,1,0,0,Spiele
158,Christian Groß\Christian-Gross,de GER,MFDF,Werder Bremen,32-008,1989,9.9,8,081,7,0,0,1,0,0,1,010,1,0,0,0,0,0,0,Spiele
159,Ilia Gruev\Ilia-Gruev,bg BUL,FW,Werder Bremen,20-286,2000,0.0,0,000,0,0,0,0,0,0,0,000,0,0,0,0,0,0,0,Spiele
160,Carlos Gruezo\Carlos-Gruezo,ec ECU,MF,Augsburg,25-303,1995,17.1,11,064,8,0,1,0,1,1,0,000,0,0,0,0,0,0,0,Spiele
161,Mattéo Guendouzi\Matteo-Guendouzi,fr FRA,MF,Hertha BSC,21-308,1999,14.7,28,190,22,2,0,0,4,0,1,007,0,0,0,0,1,0,0,Spiele
162,Raphaël Guerreiro\Raphael-Guerreiro,pt POR,DF,Dortmund,27-056,1993,15.7,66,420,57,4,2,1,1,1,11,070,9,1,0,1,0,0,0,Spiele
163,Josuha Guilavogui\Josuha-Guilavogui,fr FRA,MFDF,Wolfsburg,30-150,1990,6.4,6,094,6,0,0,0,0,0,0,000,0,0,0,0,0,0,0,Spiele
164,Péter Gulácsi\Peter-Gulacsi,hu HUN,TW,RB Leipzig,30-286,1990,21.0,1,005,1,0,0,0,0,0,0,000,0,0,0,0,0,0,0,Spiele
165,Manuel Gulde\Manuel-Gulde,de GER,DF,Freiburg,30-004,1991,13.5,4,030,2,0,0,1,0,1,0,000,0,0,0,0,0,0,0,Spiele
166,Robert Gumny\Robert-Gumny,pl POL,DF,Augsburg,22-257,1998,6.6,6,090,4,1,0,0,1,0,1,015,0,0,0,0,1,0,0,Spiele
167,Christian Günter\Christian-Gunter,de GER,DF,Freiburg,27-354,1993,21.0,60,286,42,14,0,2,2,0,4,019,3,1,0,0,0,0,0,Spiele
168,Janik Haberer\Janik-Haberer,de GER,MFFW,Freiburg,26-320,1994,2.4,2,083,0,0,1,0,0,1,0,000,0,0,0,0,0,0,0,Spiele
169,Alexander Hack\Alexander-Hack,de GER,DF,Mainz 05,27-161,1993,10.9,10,091,9,1,0,0,0,0,0,000,0,0,0,0,0,0,0,Spiele
170,André Hahn\Andre-Hahn,de GER,FWMF,Augsburg,30-187,1990,11.7,18,154,11,0,2,2,1,2,4,034,1,0,1,1,0,1,0,Spiele
171,Amadou Haidara\Amadou-Haidara,ml MLI,MFFW,RB Leipzig,23-016,1998,12.4,33,266,26,0,2,2,2,1,3,024,2,0,0,1,0,0,0,Spiele
172,Erling Håland\Erling-Haland,no NOR,FW,Dortmund,20-210,2000,15.1,34,225,23,0,6,4,1,0,9,060,6,0,3,0,0,0,0,Spiele
173,Marcel Halstenberg\Marcel-Halstenberg,de GER,DF,RB Leipzig,29-142,1991,11.6,21,180,19,0,1,0,0,1,2,017,2,0,0,0,0,0,0,Spiele
174,Amine Harit\Amine-Harit,ma MAR,MFFW,Schalke 04,23-243,1997,12.6,47,373,32,9,2,0,3,1,7,056,5,1,0,0,0,1,0,Spiele
175,Marcel Hartel\Marcel-Hartel,de GER,MF,Arminia,25-028,1996,17.7,23,130,19,2,2,0,0,0,1,006,1,0,0,0,0,0,0,Spiele
176,Makoto Hasebe\Makoto-Hasebe,jp JPN,DFMF,Eint Frankfurt,37-029,1984,16.0,24,150,21,1,0,0,1,1,1,006,1,0,0,0,0,0,0,Spiele
177,Thorgan Hazard\Thorgan-Hazard,be BEL,FWDF,Dortmund,27-324,1993,1.8,5,273,4,0,0,0,1,0,0,000,0,0,0,0,0,0,0,Spiele
178,Jonas Hector\Jonas-Hector,de GER,MF,Köln,30-265,1990,5.7,9,158,8,1,0,0,0,0,0,000,0,0,0,0,0,0,0,Spiele
179,Hwang Hee-chan\Hwang-Hee-chan,kr KOR,FWMF,RB Leipzig,25-021,1996,1.7,6,360,3,0,1,1,1,0,1,060,0,0,0,1,0,0,0,Spiele
180,Dominique Heintz\Dominique-Heintz,de GER,DF,Freiburg,27-185,1993,9.2,4,043,4,0,0,0,0,0,0,000,0,0,0,0,0,0,0,Spiele
181,Benjamin Henrichs\Benjamin-Henrichs,de GER,MFDF,RB Leipzig,23-359,1997,3.9,4,103,4,0,0,0,0,0,0,000,0,0,0,0,0,0,0,Spiele
182,Lucas Hernández\Lucas-Hernandez,fr FRA,DF,Bayern Munich,25-002,1996,10.8,15,154,13,0,0,0,1,1,3,031,2,0,0,0,1,0,0,Spiele
183,Patrick Herrmann\Patrick-Herrmann,de GER,FW,M'Gladbach,30-004,1991,8.9,32,360,19,7,3,2,1,0,2,023,2,0,0,0,0,0,0,Spiele
184,Martin Hinteregger\Martin-Hinteregger,at AUT,DF,Eint Frankfurt,28-162,1992,20.6,23,112,13,1,0,4,4,1,4,019,1,0,0,1,2,0,0,Spiele
185,Marwin Hitz\Marwin-Hitz,ch SUI,TW,Dortmund,33-151,1987,5.0,0,000,0,0,0,0,0,0,0,000,0,0,0,0,0,0,0,Spiele
186,Nicolas Höfler\Nicolas-Hofler,de GER,MF,Freiburg,30-344,1990,19.3,35,181,25,1,1,2,4,2,7,036,4,0,1,0,1,1,0,Spiele
187,Jonas Hofmann\Jonas-Hofmann,de GER,FWMF,M'Gladbach,28-217,1992,13.1,54,413,22,27,0,1,3,1,10,077,6,4,0,0,0,0,0,Spiele
188,Marco Höger\Marco-Hoger,de GER,DF,Köln,31-153,1989,0.6,0,000,0,0,0,0,0,0,0,000,0,0,0,0,0,0,0,Spiele
189,Lucas Höler\Lucas-Holer,de GER,FWMF,Freiburg,26-221,1994,14.2,36,254,24,0,1,5,6,0,6,042,3,0,0,2,1,0,0,Spiele
190,Matthew Hoppe\Matthew-Hoppe,us USA,FW,Schalke 04,19-340,2001,8.6,12,140,10,1,0,1,0,0,0,000,0,0,0,0,0,0,0,Spiele
191,Jannes Horn\Jannes-Horn,de GER,DF,Köln,24-010,1997,13.7,20,146,16,2,0,0,2,0,1,007,1,0,0,0,0,0,0,Spiele
192,Timo Horn\Timo-Horn,de GER,TW,Köln,27-280,1993,20.4,3,015,2,1,0,0,0,0,0,000,0,0,0,0,0,0,0,Spiele
193,Lukáš Hrádecký\Lukas-Hradecky,fi FIN,TW,Leverkusen,31-084,1989,20.5,3,015,2,1,0,0,0,0,0,000,0,0,0,0,0,0,0,Spiele
194,Ajdin Hrustic\Ajdin-Hrustic,au AUS,MFFW,Eint Frankfurt,24-226,1996,0.9,1,110,1,0,0,0,0,0,1,110,1,0,0,0,0,0,0,Spiele
195,Florian Hübner\Florian-Hubner,de GER,DF,Union Berlin,29-352,1991,5.8,0,000,0,0,0,0,0,0,0,000,0,0,0,0,0,0,0,Spiele
196,Mats Hummels\Mats-Hummels,de GER,DF,Dortmund,32-062,1988,20.9,18,086,17,0,0,0,1,0,2,010,2,0,0,0,0,0,0,Spiele
197,Klaas-Jan Huntelaar\Klaas-Jan-Huntelaar,nl NED,FW,Schalke 04,37-188,1983,0.1,0,000,0,0,0,0,0,0,0,000,0,0,0,0,0,0,0,Spiele
198,Iago\Iago,br BRA,DF,Augsburg,23-330,1997,13.4,23,171,19,0,1,1,0,2,3,022,2,0,0,1,0,0,0,Spiele
199,Vedad Ibiševi?\Vedad-Ibisevic,ba BIH,FW,Schalke 04,36-194,1984,1.7,5,288,4,0,0,1,0,0,0,000,0,0,0,0,0,0,0,Spiele
200,Stefan Ilsanker\Stefan-Ilsanker,at AUT,MF,Eint Frankfurt,31-274,1989,9.2,8,087,7,0,0,0,0,1,1,011,0,0,0,0,0,1,0,Spiele
201,Marcus Ingvartsen\Marcus-Ingvartsen,dk DEN,MFFW,Union Berlin,25-043,1996,13.8,36,262,20,5,3,4,3,1,7,051,3,2,1,0,0,1,0,Spiele
202,Ismail Jakobs\Ismail-Jakobs,de GER,DFMF,Köln,21-183,1999,12.2,13,107,11,1,1,0,0,0,1,008,1,0,0,0,0,0,0,Spiele
203,Tony Jantschke\Tony-Jantschke,de GER,DF,M'Gladbach,30-315,1990,2.8,3,105,3,0,0,0,0,0,0,000,0,0,0,0,0,0,0,Spiele
204,Rune Jarstein\Rune-Jarstein,no NOR,TW,Hertha BSC,36-140,1984,3.0,0,000,0,0,0,0,0,0,0,000,0,0,0,0,0,0,0,Spiele
205,Tin Jedvaj\Tin-Jedvaj,hr CRO,DF,Leverkusen,25-080,1995,0.2,0,000,0,0,0,0,0,0,0,000,0,0,0,0,0,0,0,Spiele
206,Fredrik Jensen\Fredrik-Jensen,fi FIN,FWMF,Augsburg,23-160,1997,2.9,3,104,3,0,0,0,0,0,0,000,0,0,0,0,0,0,0,Spiele
207,Marco John\Marco-John,de GER,DF,Hoffenheim,18-320,2002,7.0,9,129,8,1,0,0,0,0,0,000,0,0,0,0,0,0,0,Spiele
208,Luka Jovi?\Luka-Jovic,rs SRB,FWMF,Eint Frankfurt,23-055,1997,1.6,2,122,1,0,1,0,0,0,1,061,0,0,1,0,0,0,0,Spiele
209,Ozan Kabak\Ozan-Kabak,tr TUR,DF,Schalke 04,20-328,2000,13.8,10,072,7,0,0,2,0,1,0,000,0,0,0,0,0,0,0,Spiele
210,Pavel Kade?ábek\Pavel-Kaderabek,cz CZE,DF,Hoffenheim,28-297,1992,4.7,10,211,10,0,0,0,0,0,1,021,1,0,0,0,0,0,0,Spiele
211,Sasa Kalajdzic\Sasa-Kalajdzic,at AUT,FW,Stuttgart,23-224,1997,11.4,32,280,20,0,2,3,6,1,6,053,3,0,1,0,2,0,0,Spiele
212,Daichi Kamada\Daichi-Kamada,jp JPN,MFFW,Eint Frankfurt,24-195,1996,16.0,70,438,39,21,2,2,4,2,15,094,10,2,0,1,2,0,0,Spiele
213,Marcin Kami?ski\Marcin-Kaminski,pl POL,DF,Stuttgart,29-032,1992,1.4,3,220,3,0,0,0,0,0,0,000,0,0,0,0,0,0,0,Spiele
214,Kevin Kampl\Kevin-Kampl,si SVN,MF,RB Leipzig,30-130,1990,14.2,31,218,30,0,1,0,0,0,4,028,4,0,0,0,0,0,0,Spiele
215,Atakan Karazor\Atakan-Karazor,de GER,DF,Stuttgart,24-126,1996,5.3,2,038,1,0,0,1,0,0,0,000,0,0,0,0,0,0,0,Spiele
216,Loris Karius\Loris-Karius,de GER,TW,Union Berlin,27-239,1993,1.2,0,000,0,0,0,0,0,0,0,000,0,0,0,0,0,0,0,Spiele
217,Noah Katterbach\Noah-Katterbach,de GER,DF,Köln,19-309,2001,6.4,9,140,6,0,0,1,2,0,1,016,0,0,0,0,1,0,0,Spiele
218,Yannik Keitel\Yannik-Keitel,de GER,MF,Freiburg,21-001,2000,0.8,1,127,0,0,0,1,0,0,0,000,0,0,0,0,0,0,0,Spiele
219,Marc-Oliver Kempf\Marc-Oliver-Kempf,de GER,DF,Stuttgart,26-019,1995,18.7,20,107,18,2,0,0,0,0,1,005,1,0,0,0,0,0,0,Spiele
220,Rani Khedira\Rani-Khedira,de GER,MF,Augsburg,27-020,1994,11.3,6,053,5,0,0,1,0,0,0,000,0,0,0,0,0,0,0,Spiele
221,Sami Khedira\Sami-Khedira,de GER,MF,Hertha BSC,33-318,1987,0.5,2,419,1,0,0,0,0,1,0,000,0,0,0,0,0,0,0,Spiele
222,Luca Kilian\Luca-Kilian,de GER,DF,Mainz 05,21-168,1999,4.2,1,024,1,0,0,0,0,0,0,000,0,0,0,0,0,0,0,Spiele
223,Joshua Kimmich\Joshua-Kimmich,de GER,MF,Bayern Munich,26-008,1995,12.6,56,459,38,17,0,0,1,0,13,107,9,4,0,0,0,0,0,Spiele
224,Davy Klaassen\Davy-Klaassen,nl NED,MF,Werder Bremen,27-361,1993,2.5,3,122,2,0,0,1,0,0,1,041,1,0,0,0,0,0,0,Spiele
225,Felix Klaus\Felix-Klaus,de GER,DFMF,Wolfsburg,28-156,1992,1.5,0,000,0,0,0,0,0,0,0,000,0,0,0,0,0,0,0,Spiele
226,Klauss\Klauss,br BRA,FW,Hoffenheim,23-352,1997,0.6,3,529,3,0,0,0,0,0,0,000,0,0,0,0,0,0,0,Spiele
227,Philipp Klement\Philipp-Klement,de GER,MFFW,Stuttgart,28-160,1992,2.7,22,805,9,11,0,1,1,0,4,146,2,2,0,0,0,0,0,Spiele
228,Mateo Klimowicz\Mateo-Klimowicz,ar ARG,FWMF,Stuttgart,20-225,2000,9.5,28,296,17,0,5,2,3,1,7,074,2,0,2,0,2,1,0,Spiele
229,Fabian Klos\Fabian-Klos,de GER,FW,Arminia,33-076,1987,19.1,32,177,27,0,0,1,4,0,3,017,3,0,0,0,0,0,0,Spiele
230,Lukas Klostermann\Lukas-Klostermann,de GER,DF,RB Leipzig,24-259,1996,6.7,9,134,7,0,0,0,2,0,0,000,0,0,0,0,0,0,0,Spiele
231,Justin Kluivert\Justin-Kluivert,nl NED,FW,RB Leipzig,21-287,1999,3.8,8,209,7,0,1,0,0,0,0,000,0,0,0,0,0,0,0,Spiele
232,Lukas Klünter\Lukas-Klunter,de GER,DF,Hertha BSC,24-266,1996,1.0,0,000,0,0,0,0,0,0,0,000,0,0,0,0,0,0,0,Spiele
233,Robin Knoche\Robin-Knoche,de GER,DF,Union Berlin,28-270,1992,21.0,5,024,2,1,0,1,0,1,1,005,1,0,0,0,0,0,0,Spiele
234,Gregor Kobel\Gregor-Kobel,ch SUI,TW,Stuttgart,23-072,1997,21.0,1,005,1,0,0,0,0,0,0,000,0,0,0,0,0,0,0,Spiele
235,Dominik Kohr\Dominik-Kohr,de GER,MFFW,Eint Frankfurt,27-016,1994,2.9,4,138,2,0,1,0,1,0,0,000,0,0,0,0,0,0,0,Spiele
236,Dominik Kohr\Dominik-Kohr,de GER,MF,Mainz 05,27-016,1994,4.2,5,119,3,0,0,1,1,0,1,024,0,0,0,1,0,0,0,Spiele
237,Sead Kolašinac\Sead-Kolasinac,ba BIH,DF,Schalke 04,27-241,1993,5.8,8,138,6,0,2,0,0,0,1,017,1,0,0,0,0,0,0,Spiele
238,Ibrahima Konaté\Ibrahima-Konate,fr FRA,DF,RB Leipzig,21-267,1999,4.5,1,022,1,0,0,0,0,0,0,000,0,0,0,0,0,0,0,Spiele
239,Filip Kosti?\Filip-Kostic,rs SRB,DF,Eint Frankfurt,28-107,1992,15.2,61,402,40,15,0,4,2,0,14,092,8,4,0,1,1,0,0,Spiele
240,Nianzou Kouassi\Nianzou-Kouassi,fr FRA,DF,Bayern Munich,18-254,2002,0.2,0,000,0,0,0,0,0,0,0,000,0,0,0,0,0,0,0,Spiele
241,Andrej Kramari?\Andrej-Kramaric,hr CRO,FWMF,Hoffenheim,29-242,1991,15.7,59,376,42,1,6,3,6,1,9,057,6,0,1,0,1,1,0,Spiele
242,Christoph Kramer\Christoph-Kramer,de GER,MF,M'Gladbach,29-363,1991,16.8,23,137,16,1,1,0,3,2,1,006,0,0,0,0,0,1,0,Spiele
243,Max Kruse\Max-Kruse,de GER,MFFW,Union Berlin,32-334,1988,8.0,31,386,25,4,0,2,0,0,10,124,9,0,0,1,0,0,0,Spiele
244,Lukas Kübler\Lukas-Kubler,de GER,DF,Freiburg,28-170,1992,5.0,7,139,5,2,0,0,0,0,1,020,1,0,0,0,0,0,0,Spiele
245,Pierre Kunde\Pierre-Kunde,cm CMR,MF,Mainz 05,25-205,1995,5.7,8,140,7,1,0,0,0,0,0,000,0,0,0,0,0,0,0,Spiele
246,Fabian Kunze\Fabian-Kunze,de GER,MF,Arminia,22-247,1998,9.2,7,085,4,0,2,1,0,0,0,000,0,0,0,0,0,0,0,Spiele
247,Ahmed Kutucu\Ahmed-Kutucu,tr TUR,FWMF,Schalke 04,20-352,2000,1.2,1,083,1,0,0,0,0,0,0,000,0,0,0,0,0,0,0,Spiele
248,Maxence Lacroix\Maxence-Lacroix,fr FRA,DF,Wolfsburg,20-316,2000,18.1,8,044,5,0,0,2,0,1,2,011,1,0,0,1,0,0,0,Spiele
249,Stefan Lainer\Stefan-Lainer,at AUT,DF,M'Gladbach,28-173,1992,18.9,31,164,22,2,2,1,3,1,3,016,1,0,0,0,2,0,0,Spiele
250,Michael Langer\Michael-Langer,at AUT,TW,Schalke 04,36-041,1985,1.0,0,000,0,0,0,0,0,0,0,000,0,0,0,0,0,0,0,Spiele
251,Danny Latza\Danny-Latza,de GER,MF,Mainz 05,31-071,1989,14.7,28,190,18,7,1,1,1,0,2,014,2,0,0,0,0,0,0,Spiele
252,Valentino Lazaro\Valentino-Lazaro,at AUT,DFFW,M'Gladbach,24-329,1996,5.0,9,181,6,2,0,0,1,0,0,000,0,0,0,0,0,0,0,Spiele
253,Mathew Leckie\Mathew-Leckie,au AUS,FWDF,Hertha BSC,30-012,1991,2.3,7,300,6,0,0,0,1,0,1,043,1,0,0,0,0,0,0,Spiele
254,Christopher Lenz\Christopher-Lenz,de GER,DF,Union Berlin,26-147,1994,17.5,32,182,28,1,1,1,0,1,5,028,4,0,0,0,0,1,0,Spiele
255,Robert Lewandowski\Robert-Lewandowski,pl POL,FW,Bayern Munich,32-179,1988,18.7,52,294,39,1,3,5,4,0,12,068,9,0,1,0,2,0,0,Spiele
256,Philipp Lienhart\Philipp-Lienhart,at AUT,DF,Freiburg,24-220,1996,21.0,8,038,6,1,0,0,1,0,0,000,0,0,0,0,0,0,0,Spiele
257,Dimitris Limnios\Dimitris-Limnios,gr GRE,MFFW,Köln,22-265,1998,3.8,5,132,5,0,0,0,0,0,0,000,0,0,0,0,0,0,0,Spiele
258,Niklas Lomb\Niklas-Lomb,de GER,TW,Leverkusen,27-203,1993,0.5,0,000,0,0,0,0,0,0,0,000,0,0,0,0,0,0,0,Spiele
259,Eduard Löwen\Eduard-Lowen,de GER,MFDF,Hertha BSC,24-019,1997,0.4,0,000,0,0,0,0,0,0,0,000,0,0,0,0,0,0,0,Spiele
260,Jan Luca Schuler\Jan-Luca-Schuler,de GER,FW,Schalke 04,21-331,1999,0.1,0,000,0,0,0,0,0,0,0,000,0,0,0,0,0,0,0,Spiele
261,Anderson Lucoqui\Anderson-Lucoqui,ao ANG,DF,Arminia,23-225,1997,9.1,6,066,5,0,0,1,0,0,1,011,1,0,0,0,0,0,0,Spiele
262,Kilian Ludewig\Kilian-Ludewig,de GER,DF,Schalke 04,20-348,2000,5.8,9,156,9,0,0,0,0,0,0,000,0,0,0,0,0,0,0,Spiele
263,Dodi Lukebakio\Dodi-Lukebakio,be BEL,FWMF,Hertha BSC,23-145,1997,16.3,33,202,27,1,4,1,0,0,4,025,4,0,0,0,0,0,0,Spiele
264,Andreas Luthe\Andreas-Luthe,de GER,TW,Union Berlin,33-343,1987,19.8,2,010,1,1,0,0,0,0,0,000,0,0,0,0,0,0,0,Spiele
265,Tim Maciejewski\Tim-Maciejewski,de GER,MF,Union Berlin,19-348,2001,0.1,0,000,0,0,0,0,0,0,0,000,0,0,0,0,0,0,0,Spiele
266,Arne Maier\Arne-Maier,de GER,MF,Arminia,22-039,1999,1.2,2,167,2,0,0,0,0,0,0,000,0,0,0,0,0,0,0,Spiele
267,Arne Maier\Arne-Maier,de GER,MF,Hertha BSC,22-039,1999,0.3,2,600,2,0,0,0,0,0,0,000,0,0,0,0,0,0,0,Spiele
268,Yunus Mall?\Yunus-Malli,tr TUR,MF,Wolfsburg,28-358,1992,0.6,2,310,2,0,0,0,0,0,0,000,0,0,0,0,0,0,0,Spiele
269,Orel Mangala\Orel-Mangala,be BEL,MF,Stuttgart,22-335,1998,20.0,46,231,35,0,3,1,5,2,4,020,3,0,0,0,0,1,0,Spiele
270,Omar Marmoush\Omar-Marmoush,eg EGY,FW,Wolfsburg,22-009,1999,0.0,0,000,0,0,0,0,0,0,0,000,0,0,0,0,0,0,0,Spiele
271,Aarón Martín\Aaron-Martin,es ESP,DF,Mainz 05,23-300,1997,2.9,5,172,3,2,0,0,0,0,0,000,0,0,0,0,0,0,0,Spiele
272,Javi Martínez\Javi-Martinez,es ESP,MFDF,Bayern Munich,32-167,1988,3.1,1,032,1,0,0,0,0,0,0,000,0,0,0,0,0,0,0,Spiele
273,Omar Mascarell\Omar-Mascarell,es ESP,MF,Schalke 04,28-014,1993,13.3,10,075,8,2,0,0,0,0,1,007,0,1,0,0,0,0,0,Spiele
274,Roberto Massimo\Roberto-Massimo,de GER,DFFW,Stuttgart,20-127,2000,3.8,12,312,5,0,3,2,2,0,2,052,0,0,0,1,1,0,0,Spiele
275,Jean-Philippe Mateta\Jean-Philippe-Mateta,fr FRA,FW,Mainz 05,23-233,1997,11.1,25,226,18,1,5,0,1,0,4,036,3,0,0,0,1,0,0,Spiele
276,Rabbi Matondo\Rabbi-Matondo,wal WAL,FWMF,Schalke 04,20-160,2000,2.4,4,164,3,0,0,0,0,1,0,000,0,0,0,0,0,0,0,Spiele
277,Konstantinos Mavropanos\Konstantinos-Mavropanos,gr GRE,DF,Stuttgart,23-067,1997,7.0,4,057,4,0,0,0,0,0,0,000,0,0,0,0,0,0,0,Spiele
278,Eric Maxim Choupo-Moting\Eric-Maxim-Choupo-Moting,cm CMR,FWMF,Bayern Munich,31-330,1989,2.8,4,224,3,0,0,0,1,0,1,056,0,0,0,0,1,0,0,Spiele
279,Kevin Mbabu\Kevin-Mbabu,ch SUI,DF,Wolfsburg,25-303,1995,7.8,13,167,10,1,0,1,1,0,2,026,2,0,0,0,0,0,0,Spiele
280,Jean-Manuel Mbom\Jean-Manuel-Mbom,de GER,MFDF,Werder Bremen,20-358,2000,11.5,15,131,7,2,1,0,4,1,2,017,1,0,0,0,1,0,0,Spiele
281,Nathan de Medina\Nathan-de-Medina,be BEL,DF,Arminia,23-131,1997,4.7,4,085,4,0,0,0,0,0,1,021,1,0,0,0,0,0,0,Spiele
282,Joshua Mees\Joshua-Mees,de GER,FW,Union Berlin,24-307,1996,0.1,0,000,0,0,0,0,0,0,0,000,0,0,0,0,0,0,0,Spiele
283,Admir Mehmedi\Admir-Mehmedi,ch SUI,MFFW,Wolfsburg,29-337,1991,6.5,27,417,21,1,1,1,2,1,2,031,2,0,0,0,0,0,0,Spiele
284,Hamza Mendyl\Hamza-Mendyl,ma MAR,FW,Schalke 04,23-118,1997,1.1,0,000,0,0,0,0,0,0,0,000,0,0,0,0,0,0,0,Spiele
285,Jorge Meré\Jorge-Mere,es ESP,DF,Köln,23-305,1997,7.6,2,026,2,0,0,0,0,0,0,000,0,0,0,0,0,0,0,Spiele
286,Thomas Meunier\Thomas-Meunier,be BEL,DF,Dortmund,29-157,1991,12.9,20,155,15,1,0,2,1,1,1,008,0,0,0,1,0,0,0,Spiele
287,Max Meyer\Max-Meyer,de GER,MF,Köln,25-151,1995,0.0,0,000,0,0,0,0,0,0,0,000,0,0,0,0,0,0,0,Spiele
288,Maximilian Mittelstädt\Maximilian-Mittelstadt,de GER,DFMF,Hertha BSC,23-335,1997,12.7,28,220,24,2,1,0,0,1,2,016,2,0,0,0,0,0,0,Spiele
289,Anthony Modeste\Anthony-Modeste,fr FRA,FWMF,Köln,32-308,1988,2.5,4,163,2,0,0,1,1,0,0,000,0,0,0,0,0,0,0,Spiele
290,Kevin Möhwald\Kevin-Mohwald,de GER,MF,Werder Bremen,27-228,1993,9.0,15,166,11,3,0,1,0,0,1,011,1,0,0,0,0,0,0,Spiele
291,Niklas Moisander\Niklas-Moisander,fi FIN,DF,Werder Bremen,35-140,1985,5.6,2,036,2,0,0,0,0,0,1,018,1,0,0,0,0,0,0,Spiele
292,Alkhaly Momo Cissé\Alkhaly-Momo-Cisse,gn GUI,DFFW,Stuttgart,18-122,2002,0.2,1,500,1,0,0,0,0,0,0,000,0,0,0,0,0,0,0,Spiele
293,Mateu Morey\Mateu-Morey,es ESP,DF,Dortmund,20-351,2000,5.0,9,180,9,0,0,0,0,0,0,000,0,0,0,0,0,0,0,Spiele
294,Youssoufa Moukoko\Youssoufa-Moukoko,de GER,FWMF,Dortmund,16-088,2004,4.0,12,298,4,0,1,4,2,1,1,025,1,0,0,0,0,0,0,Spiele
295,Nordi Mukiele\Nordi-Mukiele,fr FRA,DF,RB Leipzig,23-107,1997,12.2,19,155,16,1,0,0,2,0,3,025,2,0,0,0,1,0,0,Spiele
296,Florian Müller\Florian-Muller,de GER,TW,Freiburg,23-095,1997,21.0,6,029,6,0,0,0,0,0,1,005,1,0,0,0,0,0,0,Spiele
297,Sebastian Müller\Sebastian-Muller,de GER,MFDF,Arminia,20-024,2001,0.0,0,000,0,0,0,0,0,0,0,000,0,0,0,0,0,0,0,Spiele
298,Thomas Müller\Thomas-Muller,de GER,MF,Bayern Munich,31-156,1989,19.4,87,449,80,1,2,1,1,2,16,083,15,0,0,1,0,0,0,Spiele
299,Petar Musa\Petar-Musa,hr CRO,FW,Union Berlin,22-349,1998,0.5,1,191,1,0,0,0,0,0,0,000,0,0,0,0,0,0,0,Spiele
300,Jamal Musiala\Jamal-Musiala,eng ENG,MFFW,Bayern Munich,17-356,2003,4.6,17,373,11,0,2,1,2,1,2,044,2,0,0,0,0,0,0,Spiele
301,Shkodran Mustafi\Shkodran-Mustafi,de GER,DF,Schalke 04,28-305,1992,2.0,0,000,0,0,0,0,0,0,0,000,0,0,0,0,0,0,0,Spiele
302,Phillipp Mwene\Phillipp-Mwene,at AUT,DF,Mainz 05,27-018,1994,7.5,10,134,6,2,0,0,2,0,0,000,0,0,0,0,0,0,0,Spiele
303,Obite N'Dicka\Obite-NDicka,fr FRA,DF,Eint Frankfurt,21-180,1999,12.0,8,067,7,1,0,0,0,0,2,017,1,1,0,0,0,0,0,Spiele
304,Matija Nastasi?\Matija-Nastasic,rs SRB,DF,Schalke 04,27-325,1993,13.6,3,022,3,0,0,0,0,0,0,000,0,0,0,0,0,0,0,Spiele
305,Paul Nebel\Paul-Nebel,de GER,MF,Mainz 05,18-129,2002,0.6,0,000,0,0,0,0,0,0,0,000,0,0,0,0,0,0,0,Spiele
306,Luca Netz\Luca-Netz,de GER,DF,Hertha BSC,17-277,2003,2.3,6,261,4,0,0,1,0,1,1,043,0,0,0,1,0,0,0,Spiele
307,Manuel Neuer\Manuel-Neuer,de GER,TW,Bayern Munich,34-326,1986,21.0,2,010,2,0,0,0,0,0,0,000,0,0,0,0,0,0,0,Spiele
308,Florian Neuhaus\Florian-Neuhaus,de GER,MF,M'Gladbach,23-337,1997,17.1,37,216,30,1,2,2,2,0,7,041,6,1,0,0,0,0,0,Spiele
309,Jessic Ngankam\Jessic-Ngankam,de GER,FW,Hertha BSC,20-211,2000,1.4,1,073,0,0,0,1,0,0,0,000,0,0,0,0,0,0,0,Spiele
310,Moussa Niakhate\Moussa-Niakhate,fr FRA,DF,Mainz 05,24-345,1996,18.8,13,069,9,0,1,0,1,2,1,005,1,0,0,0,0,0,0,Spiele
311,Florian Niederlechner\Florian-Niederlechner,de GER,FW,Augsburg,30-115,1990,12.9,19,148,14,0,3,0,1,1,4,031,4,0,0,0,0,0,0,Spiele
312,Joakim Nilsson\Joakim-Nilsson,se SWE,DF,Arminia,27-010,1994,10.0,2,022,2,0,0,0,0,0,0,000,0,0,0,0,0,0,0,Spiele
313,Christopher Nkunku\Christopher-Nkunku,fr FRA,FWMF,RB Leipzig,23-094,1997,11.4,72,629,31,22,5,5,8,1,8,070,3,1,2,1,1,0,0,Spiele
314,Håvard Nordtveit\Havard-Nordtveit,no NOR,DF,Hoffenheim,30-240,1990,6.8,6,088,4,0,0,2,0,0,0,000,0,0,0,0,0,0,0,Spiele
315,Kasim Nuhu\Kasim-Nuhu,gh GHA,DF,Hoffenheim,25-239,1995,8.0,3,038,3,0,0,0,0,0,0,000,0,0,0,0,0,0,0,Spiele
316,Bastian Oczipka\Bastian-Oczipka,de GER,DF,Schalke 04,32-035,1989,14.5,37,256,24,11,0,0,2,0,1,007,1,0,0,0,0,0,0,Spiele
317,Dani Olmo\Dani-Olmo,es ESP,MFFW,RB Leipzig,22-285,1998,16.3,73,447,55,0,4,10,3,1,14,086,9,0,1,2,1,1,0,Spiele
318,Karim Onisiwo\Karim-Onisiwo,at AUT,FW,Mainz 05,28-336,1992,11.9,26,218,17,0,3,2,3,1,2,017,0,0,1,0,1,0,0,Spiele
319,Willi Orban\Willi-Orban,hu HUN,DF,RB Leipzig,28-105,1992,15.3,10,066,7,0,0,2,1,0,1,007,0,0,0,0,1,0,0,Spiele
320,Stefan Ortega\Stefan-Ortega,de GER,TW,Arminia,28-102,1992,20.0,11,058,9,2,0,0,0,0,2,011,2,0,0,0,0,0,0,Spiele
321,Yuya Osako\Yuya-Osako,jp JPN,FWMF,Werder Bremen,30-274,1990,6.1,17,277,14,0,1,0,1,1,3,049,2,0,0,0,0,1,0,Spiele
322,Paulo Otávio\Paulo-Otavio,br BRA,DF,Wolfsburg,26-085,1994,11.4,18,158,14,1,2,0,1,0,0,000,0,0,0,0,0,0,0,Spiele
323,Reece Oxford\Reece-Oxford,eng ENG,DF,Augsburg,22-062,1998,8.7,4,046,3,0,0,0,1,0,0,000,0,0,0,0,0,0,0,Spiele
324,Salih Özcan\Salih-Ozcan,de GER,MF,Köln,23-036,1998,11.7,20,171,14,1,2,0,3,0,2,017,2,0,0,0,0,0,0,Spiele
325,Levin Öztunal?\Levin-Oztunali,de GER,DFFW,Mainz 05,24-338,1996,7.6,18,238,14,2,1,0,1,0,2,026,2,0,0,0,0,0,0,Spiele
326,Gonçalo Paciência\Goncalo-Paciencia,pt POR,FW,Schalke 04,26-199,1994,6.2,12,194,6,0,2,3,1,0,3,048,1,0,1,0,1,0,0,Spiele
327,Exequiel Palacios\Exequiel-Palacios,ar ARG,MF,Leverkusen,22-134,1998,1.0,1,103,1,0,0,0,0,0,0,000,0,0,0,0,0,0,0,Spiele
328,Matondo-Merveille Papela\Matondo-Merveille-Papela,de GER,DF,Mainz 05,20-029,2001,0.0,0,000,0,0,0,0,0,0,0,000,0,0,0,0,0,0,0,Spiele
329,Felix Passlack\Felix-Passlack,de GER,DF,Dortmund,22-263,1998,3.8,6,156,6,0,0,0,0,0,0,000,0,0,0,0,0,0,0,Spiele
330,Benjamin Pavard\Benjamin-Pavard,fr FRA,DF,Bayern Munich,24-325,1996,13.4,15,112,13,1,0,0,1,0,1,007,1,0,0,0,0,0,0,Spiele
331,Ji?í Pavlenka\Jiri-Pavlenka,cz CZE,TW,Werder Bremen,28-308,1992,20.0,1,005,0,1,0,0,0,0,0,000,0,0,0,0,0,0,0,Spiele
332,Mads Pedersen\Mads-Pedersen,dk DEN,DF,Augsburg,24-168,1996,4.4,12,271,5,5,0,0,2,0,1,023,0,0,0,0,1,0,0,Spiele
333,Peter Pekarík\Peter-Pekarik,sk SVK,DF,Hertha BSC,34-109,1986,15.8,18,114,16,1,0,0,1,0,1,006,1,0,0,0,0,0,0,Spiele
334,Philipp Pentke\Philipp-Pentke,de GER,TW,Hoffenheim,35-291,1985,1.0,0,000,0,0,0,0,0,0,0,000,0,0,0,0,0,0,0,Spiele
335,Pavao Pervan\Pavao-Pervan,at AUT,TW,Wolfsburg,33-095,1987,1.0,0,000,0,0,0,0,0,0,0,000,0,0,0,0,0,0,0,Spiele
336,Nils Petersen\Nils-Petersen,de GER,FW,Freiburg,32-072,1988,10.4,19,182,14,0,0,4,0,1,1,010,0,0,0,1,0,0,0,Spiele
337,Maximilian Philipp\Maximilian-Philipp,de GER,MF,Wolfsburg,26-352,1994,6.3,13,205,9,0,2,1,1,0,2,032,2,0,0,0,0,0,0,Spiele
338,Krzysztof Pi?tek\Krzysztof-Piatek,pl POL,FW,Hertha BSC,25-230,1995,11.9,11,092,10,0,0,0,0,1,3,025,3,0,0,0,0,0,0,Spiele
339,Amos Pieper\Amos-Pieper,de GER,DF,Arminia,23-030,1998,16.8,7,044,7,0,0,0,0,0,1,006,1,0,0,0,0,0,0,Spiele
340,?ukasz Piszczek\Lukasz-Piszczek,pl POL,DF,Dortmund,35-258,1985,0.7,1,153,1,0,0,0,0,0,0,000,0,0,0,0,0,0,0,Spiele
341,Marvin Plattenhardt\Marvin-Plattenhardt,de GER,DF,Hertha BSC,29-021,1992,8.2,19,231,13,4,1,0,1,0,1,012,1,0,0,0,0,0,0,Spiele
342,Alassane Pléa\Alassane-Plea,fr FRA,FW,M'Gladbach,27-343,1993,11.1,33,298,23,0,5,2,3,0,5,045,4,0,0,1,0,0,0,Spiele
343,Joel Pohjanpalo\Joel-Pohjanpalo,fi FIN,MF,Leverkusen,26-156,1994,0.1,0,000,0,0,0,0,0,0,0,000,0,0,0,0,0,0,0,Spiele
344,Joel Pohjanpalo\Joel-Pohjanpalo,fi FIN,FW,Union Berlin,26-156,1994,3.8,8,212,7,0,0,0,1,0,1,026,1,0,0,0,0,0,0,Spiele
345,Marin Pongra?i?\Marin-Pongracic,hr CRO,DF,Wolfsburg,23-158,1997,3.0,1,033,1,0,0,0,0,0,0,000,0,0,0,0,0,0,0,Spiele
346,Stefan Posch\Stefan-Posch,at AUT,DF,Hoffenheim,23-278,1997,15.9,17,107,16,0,0,1,0,0,1,006,1,0,0,0,0,0,0,Spiele
347,Yussuf Poulsen\Yussuf-Poulsen,dk DEN,FW,RB Leipzig,26-246,1994,9.7,26,268,19,0,1,2,3,1,5,052,3,0,1,0,1,0,0,Spiele
348,Manuel Prietl\Manuel-Prietl,at AUT,MF,Arminia,29-197,1991,14.0,8,062,6,0,0,0,0,2,2,015,2,0,0,0,0,0,0,Spiele
349,Grischa Prömel\Grischa-Promel,de GER,MF,Union Berlin,26-038,1995,12.1,27,223,17,0,1,2,4,3,2,017,0,0,0,1,1,0,0,Spiele
350,Robin Quaison\Robin-Quaison,se SWE,FWMF,Mainz 05,27-130,1993,13.0,28,215,18,0,4,2,2,2,4,031,2,0,0,2,0,0,0,Spiele
351,Nemanja Radonji?\Nemanja-Radonjic,rs SRB,MFFW,Hertha BSC,25-001,1996,0.7,4,590,4,0,0,0,0,0,0,000,0,0,0,0,0,0,0,Spiele
352,Benito Raman\Benito-Raman,be BEL,FWMF,Schalke 04,26-101,1994,10.5,24,228,19,0,2,2,1,0,0,000,0,0,0,0,0,0,0,Spiele
353,Milot Rashica\Milot-Rashica,xk KVX,FWMF,Werder Bremen,24-233,1996,5.2,9,172,6,0,2,1,0,0,1,019,1,0,0,0,0,0,0,Spiele
354,Daishawn Redan\Daishawn-Redan,nl NED,MFFW,Hertha BSC,20-014,2001,0.8,1,129,1,0,0,0,0,0,0,000,0,0,0,0,0,0,0,Spiele
355,Reinier\Reinier,br BRA,MFFW,Dortmund,19-028,2002,1.1,2,189,1,0,0,0,1,0,0,000,0,0,0,0,0,0,0,Spiele
356,Rocco Reitz\Rocco-Reitz,de GER,MF,M'Gladbach,18-263,2002,0.7,3,458,3,0,0,0,0,0,0,000,0,0,0,0,0,0,0,Spiele
357,Marco Reus\Marco-Reus,de GER,MFFW,Dortmund,31-261,1989,14.7,51,346,31,6,4,5,3,2,7,048,4,1,0,1,0,1,0,Spiele
358,Elvis Rexhbeçaj\Elvis-Rexhbecaj,de GER,MFFW,Köln,23-107,1997,14.4,32,222,13,10,1,3,4,1,4,028,2,0,0,1,0,1,0,Spiele
359,Gio Reyna\Gio-Reyna,us USA,FWMF,Dortmund,18-095,2002,14.7,52,355,33,4,6,2,7,0,9,061,5,1,1,1,1,0,0,Spiele
360,Chris Richards\Chris-Richards,us USA,DF,Bayern Munich,20-325,2000,1.0,3,303,3,0,0,0,0,0,1,101,1,0,0,0,0,0,0,Spiele
361,Chris Richards\Chris-Richards,us USA,DF,Hoffenheim,20-325,2000,1.0,1,100,1,0,0,0,0,0,0,000,0,0,0,0,0,0,0,Spiele
362,Marco Richter\Marco-Richter,de GER,FWMF,Augsburg,23-084,1997,7.9,18,228,7,1,7,0,2,1,1,013,0,0,0,0,0,1,0,Spiele
363,Marc Roca\Marc-Roca,es ESP,MF,Bayern Munich,24-082,1996,1.0,2,200,1,0,1,0,0,0,0,000,0,0,0,0,0,0,0,Spiele
364,Sebastian Rode\Sebastian-Rode,de GER,MF,Eint Frankfurt,30-128,1990,10.1,28,276,23,1,1,0,3,0,3,030,2,0,0,0,1,0,0,Spiele
365,Jérôme Roussillon\Jerome-Roussillon,fr FRA,DF,Wolfsburg,28-041,1993,10.3,16,155,15,0,0,1,0,0,1,010,1,0,0,0,0,0,0,Spiele
366,Sebastian Rudy\Sebastian-Rudy,de GER,DF,Schalke 04,30-354,1990,2.0,4,200,1,3,0,0,0,0,0,000,0,0,0,0,0,0,0,Spiele
367,Sebastian Rudy\Sebastian-Rudy,de GER,MFDF,Hoffenheim,30-354,1990,12.8,33,259,25,7,1,0,0,0,4,031,3,1,0,0,0,0,0,Spiele
368,Julian Ryerson\Julian-Ryerson,no NOR,DFMF,Union Berlin,23-091,1997,5.6,4,071,4,0,0,0,0,0,0,000,0,0,0,0,0,0,0,Spiele
369,Frederik Rønnow\Frederik-Ronnow,dk DEN,TW,Schalke 04,28-196,1992,6.5,0,000,0,0,0,0,0,0,0,000,0,0,0,0,0,0,0,Spiele
370,João Victor Santos Sá\Joao-Victor-Santos-Sa,br BRA,FWMF,Wolfsburg,26-326,1994,3.0,12,399,8,0,1,2,0,1,1,033,1,0,0,0,0,0,0,Spiele
371,Marcel Sabitzer\Marcel-Sabitzer,at AUT,MF,RB Leipzig,26-336,1994,13.1,35,267,32,0,0,3,0,0,3,023,2,0,0,1,0,0,0,Spiele
372,Roland Sallai\Roland-Sallai,hu HUN,MFFW,Freiburg,23-270,1997,10.6,20,188,15,1,0,2,2,0,5,047,3,0,0,1,1,0,0,Spiele
373,Lazar Samardzic\Lazar-Samardzic,de GER,MFFW,RB Leipzig,18-358,2002,2.0,4,202,3,0,1,0,0,0,1,051,1,0,0,0,0,0,0,Spiele
374,Diadie Samassékou\Diadie-Samassekou,ml MLI,MF,Hoffenheim,25-036,1996,17.6,23,130,17,1,1,2,0,2,4,023,3,0,0,1,0,0,0,Spiele
375,Jadon Sancho\Jadon-Sancho,eng ENG,FW,Dortmund,20-328,2000,17.7,88,498,60,18,5,2,2,1,14,079,9,1,1,1,2,0,0,Spiele
376,Leroy Sané\Leroy-Sane,de GER,FWMF,Bayern Munich,25-036,1996,11.4,37,354,29,2,5,0,1,0,8,077,8,0,0,0,0,0,0,Spiele
377,Salif Sané\Salif-Sane,sn SEN,DF,Schalke 04,30-175,1990,8.5,6,071,5,0,0,1,0,0,0,000,0,0,0,0,0,0,0,Spiele
378,Baptiste Santamaria\Baptiste-Santamaria,fr FRA,MF,Freiburg,25-344,1995,15.9,25,158,19,0,1,2,2,1,3,019,2,0,0,1,0,0,0,Spiele
379,Josh Sargent\Josh-Sargent,us USA,FW,Werder Bremen,20-362,2000,16.9,38,225,24,0,4,4,5,1,4,024,1,0,0,1,1,1,0,Spiele
380,Bouna Sarr\Bouna-Sarr,gn GUI,DF,Bayern Munich,29-016,1992,3.6,3,100,2,0,1,0,0,0,1,033,1,0,0,0,0,0,0,Spiele
381,Patrik Schick\Patrik-Schick,cz CZE,FW,Leverkusen,25-023,1996,10.8,28,260,20,0,4,3,1,0,4,037,3,0,1,0,0,0,0,Spiele
382,Sven Schipplock\Sven-Schipplock,de GER,FWMF,Arminia,32-100,1988,6.8,14,206,11,0,1,0,2,0,1,015,1,0,0,0,0,0,0,Spiele
383,Xaver Schlager\Xaver-Schlager,at AUT,MF,Wolfsburg,23-141,1997,17.9,31,174,25,0,0,3,1,2,3,017,2,0,0,1,0,0,0,Spiele
384,Keven Schlotterbeck\Keven-Schlotterbeck,de GER,DF,Freiburg,23-294,1997,12.4,5,040,5,0,0,0,0,0,0,000,0,0,0,0,0,0,0,Spiele
385,Nico Schlotterbeck\Nico-Schlotterbeck,de GER,DF,Union Berlin,21-077,1999,4.3,6,138,4,0,0,1,0,1,1,023,1,0,0,0,0,0,0,Spiele
386,Jonathan Schmid\Jonathan-Schmid,fr FRA,DF,Freiburg,30-235,1990,15.9,33,207,23,5,1,2,1,1,5,031,3,1,0,0,0,1,0,Spiele
387,Romano Schmid\Romano-Schmid,at AUT,FWMF,Werder Bremen,21-020,2000,6.2,16,257,13,0,1,1,1,0,3,048,2,0,0,0,1,0,0,Spiele
388,Benno Schmitz\Benno-Schmitz,de GER,DF,Köln,26-091,1994,1.3,0,000,0,0,0,0,0,0,0,000,0,0,0,0,0,0,0,Spiele
389,Alessandro Schöpf\Alessandro-Schopf,at AUT,FWMF,Schalke 04,27-009,1994,7.9,10,126,7,0,1,1,1,0,0,000,0,0,0,0,0,0,0,Spiele
390,Nico Schulz\Nico-Schulz,de GER,DFMF,Dortmund,27-321,1993,1.8,2,110,2,0,0,0,0,0,1,055,1,0,0,0,0,0,0,Spiele
391,Alexander Schwolow\Alexander-Schwolow,de GER,TW,Hertha BSC,28-259,1992,18.0,1,006,0,1,0,0,0,0,0,000,0,0,0,0,0,0,0,Spiele
392,Davie Selke\Davie-Selke,de GER,FW,Werder Bremen,26-027,1995,4.4,6,135,6,0,0,0,0,0,0,000,0,0,0,0,0,0,0,Spiele
393,Suat Serdar\Suat-Serdar,de GER,MF,Schalke 04,23-311,1997,12.5,20,160,16,0,0,1,2,1,2,016,2,0,0,0,0,0,0,Spiele
394,Ryan Sessegnon\Ryan-Sessegnon,eng ENG,DF,Hoffenheim,20-274,2000,9.2,12,131,12,0,0,0,0,0,2,022,2,0,0,0,0,0,0,Spiele
395,Nils Seufert\Nils-Seufert,de GER,MFFW,Arminia,24-013,1997,3.6,5,151,3,1,0,0,1,0,1,030,1,0,0,0,0,0,0,Spiele
396,André Silva\Andre-Silva,pt POR,FW,Eint Frankfurt,25-102,1995,19.1,44,231,29,0,4,4,6,1,8,042,3,0,0,1,4,0,0,Spiele
397,Jóan Símun Edmundsson\Joan-Simun-Edmundsson,fo FRO,MFFW,Arminia,29-205,1991,0.6,0,000,0,0,0,0,0,0,0,000,0,0,0,0,0,0,0,Spiele
398,Daley Sinkgraven\Daley-Sinkgraven,nl NED,DF,Leverkusen,25-227,1995,14.7,28,191,22,4,0,0,1,1,3,020,2,0,0,0,1,0,0,Spiele
399,Tobias Sippel\Tobias-Sippel,de GER,TW,M'Gladbach,32-331,1988,1.0,0,000,0,0,0,0,0,0,0,000,0,0,0,0,0,0,0,Spiele
400,Ellyes Skhiri\Ellyes-Skhiri,tn TUN,MF,Köln,25-282,1995,19.2,20,104,16,1,0,3,0,0,2,010,1,0,0,1,0,0,0,Spiele
401,Robert Skov\Robert-Skov,dk DEN,DFFW,Hoffenheim,24-272,1996,7.1,17,239,10,6,0,1,0,0,1,014,0,0,0,1,0,0,0,Spiele
402,Steven Skrzybski\Steven-Skrzybski,de GER,FW,Schalke 04,28-090,1992,4.1,7,171,3,1,0,2,1,0,1,024,0,0,0,1,0,0,0,Spiele
403,Yann Sommer\Yann-Sommer,ch SUI,TW,M'Gladbach,32-061,1988,20.0,0,000,0,0,0,0,0,0,0,000,0,0,0,0,0,0,0,Spiele
404,Borna Sosa\Borna-Sosa,hr CRO,DF,Stuttgart,23-026,1998,13.5,41,303,32,6,0,1,2,0,5,037,4,1,0,0,0,0,0,Spiele
405,Cebio Soukou\Cebio-Soukou,bj BEN,FWMF,Arminia,28-137,1992,4.7,8,170,6,0,1,0,1,0,0,000,0,0,0,0,0,0,0,Spiele
406,Djibril Sow\Djibril-Sow,ch SUI,MF,Eint Frankfurt,24-010,1997,13.9,21,151,18,0,0,0,2,1,4,029,3,0,0,0,1,0,0,Spiele
407,Jerry St. Juste\Jerry-St-Juste,nl NED,DF,Mainz 05,24-120,1996,19.0,17,089,12,1,1,2,1,0,3,016,2,1,0,0,0,0,0,Spiele
408,Benjamin Stambouli\Benjamin-Stambouli,fr FRA,MFDF,Schalke 04,30-187,1990,15.0,13,087,11,1,0,0,0,1,2,013,2,0,0,0,0,0,0,Spiele
409,Niklas Stark\Niklas-Stark,de GER,MFDF,Hertha BSC,25-308,1995,20.9,8,038,6,0,0,0,1,1,0,000,0,0,0,0,0,0,0,Spiele
410,Renato Steffen\Renato-Steffen,ch SUI,FWMF,Wolfsburg,29-105,1991,14.9,43,289,33,0,3,3,2,2,8,054,7,0,0,0,1,0,0,Spiele
411,Pascal Stenzel\Pascal-Stenzel,de GER,DF,Stuttgart,24-333,1996,11.4,8,070,7,1,0,0,0,0,0,000,0,0,0,0,0,0,0,Spiele
412,Lars Stindl\Lars-Stindl,de GER,MFFW,M'Gladbach,32-174,1988,15.1,44,292,30,6,0,5,2,1,10,066,6,0,0,3,0,1,0,Spiele
413,Kevin Stöger\Kevin-Stoger,at AUT,MFFW,Mainz 05,27-173,1993,4.1,17,416,13,3,0,1,0,0,0,000,0,0,0,0,0,0,0,Spiele
414,Tobias Strobl\Tobias-Strobl,de GER,MF,Augsburg,30-280,1990,13.9,19,137,18,1,0,0,0,0,0,000,0,0,0,0,0,0,0,Spiele
415,Marek Suchý\Marek-Suchy,cz CZE,DF,Augsburg,32-324,1988,1.9,0,000,0,0,0,0,0,0,0,000,0,0,0,0,0,0,0,Spiele
416,Niklas Süle\Niklas-Sule,de GER,DF,Bayern Munich,25-166,1995,10.9,12,121,10,0,0,2,0,0,4,040,4,0,0,0,0,0,0,Spiele
417,Ádám Szalai\Adam-Szalai,hu HUN,FW,Mainz 05,33-069,1987,2.7,3,113,3,0,0,0,0,0,0,000,0,0,0,0,0,0,0,Spiele
418,Frederik Sørensen\Frederik-Sorensen,dk DEN,DF,Köln,28-308,1992,1.1,1,091,1,0,0,0,0,0,0,000,0,0,0,0,0,0,0,Spiele
419,Alexander Sørloth\Alexander-Sorloth,no NOR,FW,RB Leipzig,25-073,1995,9.9,39,395,28,0,2,6,1,2,1,010,0,0,0,1,0,0,0,Spiele
420,Jonathan Tah\Jonathan-Tah,de GER,DF,Leverkusen,25-005,1996,14.2,2,014,2,0,0,0,0,0,0,000,0,0,0,0,0,0,0,Spiele
421,Edmond Tapsoba\Edmond-Tapsoba,bf BFA,DF,Leverkusen,22-014,1999,17.5,15,086,15,0,0,0,0,0,1,006,1,0,0,0,0,0,0,Spiele
422,Niklas Tauer\Niklas-Tauer,de GER,MFDF,Mainz 05,19-365,2001,0.8,1,130,1,0,0,0,0,0,0,000,0,0,0,0,0,0,0,Spiele
423,Lino Tempelmann\Lino-Tempelmann,de GER,MFDF,Freiburg,22-014,1999,2.6,1,039,0,0,0,0,1,0,0,000,0,0,0,0,0,0,0,Spiele
424,Cedric Teuchert\Cedric-Teuchert,de GER,FWMF,Union Berlin,24-033,1997,6.7,14,209,9,1,1,2,1,0,2,030,1,1,0,0,0,0,0,Spiele
425,Malick Thiaw\Malick-Thiaw,fi FIN,DF,Schalke 04,19-192,2001,7.4,5,068,5,0,0,0,0,0,0,000,0,0,0,0,0,0,0,Spiele
426,Jan Thielmann\Jan-Thielmann,de GER,FW,Köln,18-266,2002,9.3,14,151,13,0,0,1,0,0,2,022,1,0,0,1,0,0,0,Spiele
427,Erik Thommy\Erik-Thommy,de GER,FWDF,Stuttgart,26-180,1994,1.3,5,378,3,1,0,1,0,0,2,151,2,0,0,0,0,0,0,Spiele
428,Marcus Thuram\Marcus-Thuram,fr FRA,FWMF,M'Gladbach,23-194,1997,9.3,21,225,9,0,1,5,6,0,5,054,1,0,0,1,3,0,0,Spiele
429,Steffen Tigges\Steffen-Tigges,de GER,FWDF,Dortmund,22-200,1998,0.2,1,409,0,0,0,0,0,1,0,000,0,0,0,0,0,0,0,Spiele
430,Guus Til\Guus-Til,nl NED,FWMF,Freiburg,23-056,1997,0.2,0,000,0,0,0,0,0,0,0,000,0,0,0,0,0,0,0,Spiele
431,Corentin Tolisso\Corentin-Tolisso,fr FRA,MF,Bayern Munich,26-197,1994,8.1,14,196,9,3,1,0,1,0,2,028,2,0,0,0,0,0,0,Spiele
432,Ömer Toprak\Omer-Toprak,tr TUR,DF,Werder Bremen,31-210,1989,12.6,7,056,5,0,0,0,2,0,0,000,0,0,0,0,0,0,0,Spiele
433,Jordan Torunarigha\Jordan-Torunarigha,de GER,DF,Hertha BSC,23-193,1997,7.5,3,040,3,0,0,0,0,0,0,000,0,0,0,0,0,0,0,Spiele
434,Almamy Touré\Almamy-Toure,ml MLI,DF,Eint Frankfurt,24-294,1996,6.6,22,333,18,1,1,0,0,2,2,030,2,0,0,0,0,0,0,Spiele
435,Lucas Tousart\Lucas-Tousart,fr FRA,MF,Hertha BSC,23-293,1997,14.8,19,129,14,0,0,4,1,0,3,020,3,0,0,0,0,0,0,Spiele
436,Ibrahima Traoré\Ibrahima-Traore,gn GUI,FW,M'Gladbach,32-301,1988,0.9,1,107,1,0,0,0,0,0,0,000,0,0,0,0,0,0,0,Spiele
437,Kevin Trapp\Kevin-Trapp,de GER,TW,Eint Frankfurt,30-223,1990,21.0,1,005,1,0,0,0,0,0,0,000,0,0,0,0,0,0,0,Spiele
438,Christopher Trimmel\Christopher-Trimmel,at AUT,DF,Union Berlin,33-358,1987,17.1,42,246,24,18,0,0,0,0,6,035,3,3,0,0,0,0,0,Spiele
439,Tuta\Tuta,br BRA,DF,Eint Frankfurt,21-227,1999,7.3,5,068,4,1,0,0,0,0,1,014,0,1,0,0,0,0,0,Spiele
440,Dayot Upamecano\Dayot-Upamecano,fr FRA,DF,RB Leipzig,22-112,1998,17.8,12,068,11,0,0,1,0,0,1,006,0,0,0,1,0,0,0,Spiele
441,Mark Uth\Mark-Uth,de GER,FWMF,Schalke 04,29-176,1991,14.4,40,279,17,11,2,4,3,3,4,028,2,0,0,0,1,1,0,Spiele
442,Ruben Vargas\Ruben-Vargas,ch SUI,MFFW,Augsburg,22-195,1998,12.0,21,175,16,0,1,1,3,0,2,017,2,0,0,0,0,0,0,Spiele
443,Miloš Veljkovi?\Milos-Veljkovic,rs SRB,DF,Werder Bremen,25-143,1995,11.0,3,027,3,0,0,0,0,0,0,000,0,0,0,0,0,0,0,Spiele
444,Michel Vlap\Michel-Vlap,nl NED,MF,Arminia,23-259,1997,0.7,,,,,,,,,,,,,,,,,,Spiele
445,Andreas Voglsammer\Andreas-Voglsammer,de GER,MF,Arminia,29-038,1992,1.2,0,000,0,0,0,0,0,0,0,000,0,0,0,0,0,0,0,Spiele
446,Kevin Vogt\Kevin-Vogt,de GER,DF,Hoffenheim,29-146,1991,16.5,9,054,8,0,1,0,0,0,2,012,1,0,1,0,0,0,0,Spiele
447,Silas Wamangituka\Silas-Wamangituka,cd COD,DFFW,Stuttgart,21-133,1999,17.1,52,304,33,0,6,7,3,3,8,047,4,0,1,1,0,2,0,Spiele
448,Wout Weghorst\Wout-Weghorst,nl NED,FW,Wolfsburg,28-193,1992,19.9,34,171,27,0,0,5,2,0,4,020,2,0,0,2,0,0,0,Spiele
449,Mitchell Weiser\Mitchell-Weiser,de GER,DF,Leverkusen,26-301,1994,2.5,2,080,1,0,0,1,0,0,1,040,0,0,0,1,0,0,0,Spiele
450,Wendell\Wendell,br BRA,DF,Leverkusen,27-211,1993,5.9,5,085,5,0,0,0,0,0,1,017,1,0,0,0,0,0,0,Spiele
451,Oscar Wendt\Oscar-Wendt,se SWE,DF,M'Gladbach,35-115,1985,10.5,10,095,7,3,0,0,0,0,0,000,0,0,0,0,0,0,0,Spiele
452,William\William,br BRA,FW,Wolfsburg,25-319,1995,0.0,0,000,0,0,0,0,0,0,0,000,0,0,0,0,0,0,0,Spiele
453,William\William,br BRA,DFFW,Schalke 04,25-319,1995,1.9,0,000,0,0,0,0,0,0,0,000,0,0,0,0,0,0,0,Spiele
454,Florian Wirtz\Florian-Wirtz,de GER,MF,Leverkusen,17-289,2003,16.7,57,342,46,0,6,2,2,1,8,048,7,0,1,0,0,0,0,Spiele
455,Axel Witsel\Axel-Witsel,be BEL,MF,Dortmund,32-035,1989,12.6,19,151,17,0,0,2,0,0,1,008,1,0,0,0,0,0,0,Spiele
456,Hannes Wolf\Hannes-Wolf,at AUT,FWMF,M'Gladbach,21-306,1999,9.8,19,193,18,0,0,0,1,0,3,030,2,0,0,0,1,0,0,Spiele
457,Marius Wolf\Marius-Wolf,de GER,DFMF,Köln,25-265,1995,17.2,29,169,18,0,5,3,3,0,6,035,4,0,0,1,1,0,0,Spiele
458,Nick Woltemade\Nick-Woltemade,de GER,MFFW,Werder Bremen,19-002,2002,1.6,5,306,3,0,0,1,1,0,1,061,1,0,0,0,0,0,0,Spiele
459,Jeong Woo-yeong\Jeong-Woo-yeong,kr KOR,FWMF,Freiburg,21-149,1999,6.3,16,254,14,0,0,2,0,0,1,016,1,0,0,0,0,0,0,Spiele
460,Joscha Wosz\Joscha-Wosz,de GER,DFFW,RB Leipzig,18-211,2002,0.4,1,265,1,0,0,0,0,0,0,000,0,0,0,0,0,0,0,Spiele
461,Reinhold Yabo\Reinhold-Yabo,de GER,MFFW,Arminia,29-006,1992,7.2,7,097,5,0,0,0,2,0,0,000,0,0,0,0,0,0,0,Spiele
462,Amin Younes\Amin-Younes,de GER,FWMF,Eint Frankfurt,27-194,1993,9.7,36,371,23,4,4,1,4,0,4,041,2,0,2,0,0,0,0,Spiele
463,Dan-Axel Zagadou\Dan-Axel-Zagadou,fr FRA,DF,Dortmund,21-258,1999,1.9,0,000,0,0,0,0,0,0,0,000,0,0,0,0,0,0,0,Spiele
464,Denis Zakaria\Denis-Zakaria,ch SUI,MFDF,M'Gladbach,24-088,1996,7.5,5,067,4,0,0,1,0,0,0,000,0,0,0,0,0,0,0,Spiele
465,Deyovaisio Zeefuik\Deyovaisio-Zeefuik,nl NED,DFMF,Hertha BSC,22-342,1998,3.9,8,205,7,0,1,0,0,0,0,000,0,0,0,0,0,0,0,Spiele
466,Robin Zentner\Robin-Zentner,de GER,TW,Mainz 05,26-111,1994,20.0,2,010,0,1,0,1,0,0,0,000,0,0,0,0,0,0,0,Spiele
467,Ron-Robert Zieler\Ron-Robert-Zieler,de GER,TW,Köln,32-004,1989,0.6,0,000,0,0,0,0,0,0,0,000,0,0,0,0,0,0,0,Spiele
468,Joshua Zirkzee\Joshua-Zirkzee,nl NED,FW,Bayern Munich,19-270,2001,1.0,2,196,2,0,0,0,0,0,0,000,0,0,0,0,0,0,0,Spiele
469,Steven Zuber\Steven-Zuber,ch SUI,DF,Eint Frankfurt,29-183,1991,5.2,15,289,14,0,0,0,0,1,2,039,2,0,0,0,0,0,0,Spiele
